epoch,capsnet_acc,capsnet_loss,decoder_loss,loss
0,0.9664872858797268,0.08599892723485245,0.018721156292950368,0.09333762071922844
